{
  "contract": {
    "contractNo": "L-2024-001",
    "customer": {
      "title": "ABC Şirketi"
    },
    "asset": {
      "type": "Araç",
      "model": "Toyota Corolla"
    },
    "paymentPlanSummary": {
      "totalPayment": 270000.00,
      "totalPrincipal": 250000.00,
      "totalInterest": 18000.00,
      "totalVat": 2000.00,
      "effectiveInterestRate": 1.7,
      "leasingAmount": 250000.00,
      "term": 24,
      "startDate": [2024, 1, 1],
      "paymentPeriod": "Aylık",
      "paymentPlanDetailList": [
        {
          "installmentNo": 1,
          "paymentDate": [2024, 2, 1],
          "paymentAmount": 11250.00,
          "principal": 10000.00,
          "interest": 1000.00,
          "remainingPrincipal": 240000.00,
          "vatAmount": 250.00
        },
        {
          "installmentNo": 2,
          "paymentDate": [2024, 3, 1],
          "paymentAmount": 11250.00,
          "principal": 10000.00,
          "interest": 1000.00,
          "remainingPrincipal": 230000.00,
          "vatAmount": 250.00
        }
      ]
    }
  }
}